firstName,lastName,email
AAA,BBB,c54@mashoun.com
AAA,BBB,c55@mashoun.com
AAA,BBB,c56@mashoun.com
AAA,BBB,c57@mashoun.com
AAA,BBB,c58@mashoun.com
AAA,BBB,c59@mashoun.com
AAA,BBB,c60@mashoun.com
AAA,BBB,c61@mashoun.com
AAA,BBB,c62@mashoun.com
AAA,BBB,c63@mashoun.com
AAA,BBB,c64@mashoun.com
AAA,BBB,c65@mashoun.com
AAA,BBB,c66@mashoun.com
AAA,BBB,c67@mashoun.com
AAA,BBB,c68@mashoun.com
AAA,BBB,c69@mashoun.com
AAA,BBB,c70@mashoun.com
AAA,BBB,c71@mashoun.com
AAA,BBB,c72@mashoun.com
AAA,BBB,c73@mashoun.com
AAA,BBB,c74@mashoun.com
AAA,BBB,c75@mashoun.com
AAA,BBB,c76@mashoun.com
AAA,BBB,c77@mashoun.com
AAA,BBB,c78@mashoun.com
AAA,BBB,c79@mashoun.com
AAA,BBB,c80@mashoun.com
AAA,BBB,c81@mashoun.com
AAA,BBB,c82@mashoun.com
AAA,BBB,c83@mashoun.com
AAA,BBB,c84@mashoun.com
AAA,BBB,c85@mashoun.com
AAA,BBB,c86@mashoun.com
AAA,BBB,c87@mashoun.com
AAA,BBB,c88@mashoun.com
AAA,BBB,c89@mashoun.com
AAA,BBB,c90@mashoun.com
AAA,BBB,c91@mashoun.com
AAA,BBB,c92@mashoun.com
AAA,BBB,c93@mashoun.com
AAA,BBB,c94@mashoun.com
AAA,BBB,c95@mashoun.com
AAA,BBB,c96@mashoun.com
AAA,BBB,c97@mashoun.com
AAA,BBB,c98@mashoun.com
AAA,BBB,c99@mashoun.com
AAA,BBB,ac00@mashoun.com
AAA,BBB,ac01@mashoun.com
AAA,BBB,ac02@mashoun.com
AAA,BBB,ac03@mashoun.com
AAA,BBB,ac04@mashoun.com
AAA,BBB,ac05@mashoun.com
AAA,BBB,ac06@mashoun.com
AAA,BBB,ac07@mashoun.com
AAA,BBB,ac08@mashoun.com
AAA,BBB,ac09@mashoun.com
AAA,BBB,ac10@mashoun.com
AAA,BBB,ac11@mashoun.com
AAA,BBB,ac12@mashoun.com
AAA,BBB,ac13@mashoun.com
AAA,BBB,ac14@mashoun.com
AAA,BBB,ac15@mashoun.com
AAA,BBB,ac16@mashoun.com
AAA,BBB,ac17@mashoun.com
AAA,BBB,ac18@mashoun.com
AAA,BBB,ac19@mashoun.com
AAA,BBB,ac20@mashoun.com
AAA,BBB,ac21@mashoun.com
AAA,BBB,ac22@mashoun.com
AAA,BBB,ac23@mashoun.com
AAA,BBB,ac24@mashoun.com
AAA,BBB,ac25@mashoun.com
AAA,BBB,ac26@mashoun.com
AAA,BBB,ac27@mashoun.com
AAA,BBB,ac28@mashoun.com
AAA,BBB,ac29@mashoun.com
AAA,BBB,ac30@mashoun.com
AAA,BBB,ac31@mashoun.com
AAA,BBB,ac32@mashoun.com
AAA,BBB,ac33@mashoun.com
AAA,BBB,ac34@mashoun.com
AAA,BBB,ac35@mashoun.com
AAA,BBB,ac36@mashoun.com
AAA,BBB,ac37@mashoun.com
AAA,BBB,ac38@mashoun.com
AAA,BBB,ac39@mashoun.com
AAA,BBB,ac40@mashoun.com
AAA,BBB,ac41@mashoun.com
AAA,BBB,ac42@mashoun.com
AAA,BBB,ac43@mashoun.com
AAA,BBB,ac44@mashoun.com
AAA,BBB,ac45@mashoun.com
AAA,BBB,ac46@mashoun.com
AAA,BBB,ac47@mashoun.com
AAA,BBB,ac48@mashoun.com
AAA,BBB,ac49@mashoun.com
AAA,BBB,ac50@mashoun.com
AAA,BBB,ac51@mashoun.com
AAA,BBB,ac52@mashoun.com
AAA,BBB,ac53@mashoun.com
AAA,BBB,ac54@mashoun.com